user_id,probability_of_one,target
0,0.822914110852118,1.0
1,0.1506216971321379,0.0
2,0.036714492172963506,0.0
3,0.5071522719543736,1.0
4,0.2413078988441887,0.0
5,0.000905394126984867,0.0
6,0.18696873930210614,0.0
7,0.017077593491568864,0.0
8,0.0015362715629852592,0.0
9,0.7390243647899977,1.0
10,0.4080422934428167,0.0
11,0.4277810873003739,0.0
12,0.08443617995048654,0.0
13,0.8683958088559979,1.0
14,0.0020008974508413406,0.0
15,0.8569116456558605,1.0
16,0.0007275537883298205,0.0
17,0.08349661766658914,0.0
18,0.6834002779971162,1.0
19,0.23728029535279938,0.0
20,0.00042742568643042487,0.0
21,0.013257452746073243,0.0
22,0.5796850831052403,1.0
23,0.00033789843352807216,0.0
24,0.007566198429173103,0.0
25,0.027453160896250894,0.0
26,0.22655492455011758,0.0
27,0.691540352847839,1.0
28,0.08360863872183105,0.0
29,0.0009886255971685279,0.0
30,0.0240533617433686,0.0
31,0.0011955262813743417,0.0
32,0.058910753777261286,0.0
33,0.21230489315840279,0.0
34,0.8737315762114887,1.0
35,0.21495444467138272,0.0
36,0.024818094481407885,0.0
37,0.5210647440653864,1.0
38,0.3345754263053648,0.0
39,0.02433622894754784,0.0
40,0.0004329707402604165,0.0
41,0.5769588311423468,1.0
42,0.0068599416011025025,0.0
43,0.06089351716475729,0.0
44,0.39805190062547163,0.0
45,0.06420904279316322,0.0
46,0.014723099482675637,0.0
47,0.866505574534722,1.0
48,0.9132526552039208,1.0
49,0.0023264368401752973,0.0
50,0.20737401212042517,0.0
51,0.29606055651242796,0.0
52,0.0039314718368096534,0.0
53,0.4303547985931979,0.0
54,0.0016239092591209029,0.0
55,0.35743438031582453,0.0
56,0.45096108644277627,0.0
57,0.06626987363582205,0.0
58,0.02921173336935209,0.0
59,0.4496674537838745,0.0
60,0.000864690544595824,0.0
61,0.010841926904568457,0.0
62,0.0008230900942617653,0.0
63,0.0022318748877190693,0.0
64,0.6664229244167093,1.0
65,0.009723230862345845,0.0
66,0.055687393960028704,0.0
67,0.005291433576804421,0.0
68,0.0213099848281837,0.0
69,0.005612434528507693,0.0
70,0.2755925907748489,0.0
71,0.007759230142815883,0.0
72,0.0470638989839429,0.0
73,0.38769908597891845,0.0
74,0.08985673745139072,0.0
75,0.08973025330375557,0.0
76,0.44907164408693134,0.0
77,0.04103950852421527,0.0
78,0.0091753475798623,0.0
79,0.4976669032354389,0.0
80,0.0015115573549790093,0.0
81,0.00043833979016479123,0.0
82,0.1264730239518328,0.0
83,0.40102735414533547,0.0
84,0.0005601366460065324,0.0
85,0.0010700549874714355,0.0
86,0.04077947641748796,0.0
87,0.5336237283884446,1.0
88,0.19934646330125527,0.0
89,0.001904154448643616,0.0
90,0.00024797922237301367,0.0
91,0.6412545559019757,1.0
92,0.1718739468191444,0.0
93,0.0012934080615111987,0.0
94,0.11115352166847559,0.0
95,0.0015943658050944622,0.0
96,0.21165755477574244,0.0
97,0.3239858075309621,0.0
98,0.03323862470129745,0.0
99,0.01780043921097977,0.0
100,0.004944949837983983,0.0
101,0.022692846486429583,0.0
102,0.0029599727941259334,0.0
103,0.03464703479824264,0.0
104,0.1517441739680366,0.0
105,0.8619320765764064,1.0
106,0.12022684875057073,0.0
107,0.018170191436544053,0.0
108,0.10897035408109543,0.0
109,0.6477389576450204,1.0
110,0.015573792582879402,0.0
111,0.20188463663742773,0.0
112,0.9640208817414241,1.0
113,0.9759594669438493,1.0
114,0.0004741214767906878,0.0
115,0.6450321552543004,1.0
116,0.08556037797197513,0.0
117,0.0011243284395556098,0.0
118,0.0009706973191536287,0.0
119,0.011347671573676105,0.0
120,0.690204191240976,1.0
121,0.023823231023516783,0.0
122,0.023415448154732954,0.0
123,0.035427836010646,0.0
124,0.404987647057223,0.0
125,0.0057625143686779,0.0
126,0.005450808957023006,0.0
127,0.40760221630582916,0.0
128,0.07415017362183053,0.0
129,0.015094621283353411,0.0
130,0.00770494156563704,0.0
131,0.021672527825096405,0.0
132,0.005493253318058081,0.0
133,0.003782951805618208,0.0
134,0.013683395659158736,0.0
135,0.8077189374647462,1.0
136,0.20667626722908658,0.0
137,0.002858933674682262,0.0
138,0.1304729213496413,0.0
139,0.9130322608164307,1.0
140,0.14846355608027498,0.0
141,0.0003753870561755716,0.0
142,0.0064596528089604375,0.0
143,0.0745468136040698,0.0
144,0.0015227293271311598,0.0
145,0.09721673028162887,0.0
146,0.01779013578561467,0.0
147,0.016264667451219947,0.0
148,0.0021643824695642875,0.0
149,0.009142216229090575,0.0
150,0.12732106902011606,0.0
151,0.06036031815325669,0.0
152,0.001333856471773755,0.0
153,0.0023458807616405512,0.0
154,0.05203616488928021,0.0
155,0.74968443780302,1.0
156,0.9224719233318502,1.0
157,0.19396425669681921,0.0
158,0.7771380535598837,1.0
159,0.010165016061007824,0.0
160,0.8347091535105468,1.0
161,0.0007235468236659894,0.0
162,0.15562726570698981,0.0
163,0.48163729620512397,0.0
164,0.0022939005781127675,0.0
165,0.022853459556527282,0.0
166,0.2396002546327043,0.0
167,0.21536431611633092,0.0
168,0.004022950486661018,0.0
169,0.0004121251595721894,0.0
170,0.0013625050042206425,0.0
171,0.03246473381831678,0.0
172,0.9322129617175067,1.0
173,0.25698159956576305,0.0
174,0.010105106131763695,0.0
175,0.7697516937776115,1.0
176,0.014858399701897177,0.0
177,0.3523662189990255,0.0
178,0.0032077068083044957,0.0
179,0.07657950917554156,0.0
180,0.12072751944555393,0.0
181,0.004642076294874748,0.0
182,0.0011804703072397168,0.0
183,0.789817103784423,1.0
184,0.028406507420569237,0.0
185,0.001977176736981643,0.0
186,0.052639886725584534,0.0
187,0.048610718536712,0.0
188,0.03550653361091588,0.0
189,0.0016785695902327951,0.0
190,0.004848094990078576,0.0
191,0.1233714184061212,0.0
192,0.0006380363672857413,0.0
193,0.0004116030287515526,0.0
194,0.016014710423181942,0.0
195,0.2753051937173165,0.0
196,0.8910110210699103,1.0
197,0.20728781433731872,0.0
198,0.0018969060275913002,0.0
199,0.07536245849464718,0.0
200,0.06886266087848307,0.0
201,0.19285134097833023,0.0
202,0.17834636085143618,0.0
203,0.013315198728541268,0.0
204,0.015038000098827472,0.0
205,0.06004686308820496,0.0
206,0.02655850088660813,0.0
207,0.0121482331424087,0.0
208,0.011803992422544611,0.0
209,0.0008863626334045913,0.0
210,0.09638695634355807,0.0
211,0.0004716174990450414,0.0
212,0.15291792800978357,0.0
213,0.029502730759140897,0.0
214,0.00155837486792496,0.0
215,0.08884714899281612,0.0
216,0.1099601329997439,0.0
217,0.8360466447097281,1.0
218,0.12915004839140273,0.0
219,0.8559985753752665,1.0
220,0.4238505761744592,0.0
221,0.0009774838212693012,0.0
222,0.00105004319871754,0.0
223,0.0008751719713537385,0.0
224,0.714936410525768,1.0
225,0.02588892597799551,0.0
226,0.7281085894412912,1.0
227,0.07274264891962849,0.0
228,0.01450156491172085,0.0
229,0.6754398804935557,1.0
230,0.004019048947364358,0.0
231,0.6861157230923846,1.0
232,0.03614797450553456,0.0
233,0.6236151439257136,1.0
234,0.09797209091674444,0.0
235,0.019756345990089196,0.0
236,0.9317455301141087,1.0
237,0.002691613819743077,0.0
238,0.6553585598875653,1.0
239,0.0015155881609644815,0.0
240,0.541936816919286,1.0
241,0.8077680172312618,1.0
242,0.001124074253253818,0.0
243,0.4437315145638841,0.0
244,0.08309722669011876,0.0
245,0.004412792555136121,0.0
246,0.00882908737279449,0.0
247,0.026667751531803664,0.0
248,0.8631651606065184,1.0
249,0.0044945381337202,0.0
250,0.004607138052323835,0.0
251,0.00074730953842333,0.0
252,0.078706134199226,0.0
253,0.2940220997204734,0.0
254,0.02789730931438207,0.0
255,0.27996715912290904,0.0
256,0.6868482635136367,1.0
257,0.019366009334141263,0.0
258,0.7678132132485895,1.0
259,0.015632243818760345,0.0
260,0.954109185132667,1.0
261,0.8216700879209801,1.0
262,0.03104748199732761,0.0
263,0.5116351712717625,1.0
264,0.022071346731649243,0.0
265,0.0012345495756172964,0.0
266,0.0031139733538584893,0.0
267,0.15611431991455932,0.0
268,0.0012298907600572,0.0
269,0.0011397351576526056,0.0
270,0.0011717442456212403,0.0
271,0.004886883166931446,0.0
272,0.023423631639083436,0.0
273,0.11102274273403077,0.0
274,0.07811891676537006,0.0
275,0.2780311461150362,0.0
276,0.049078729487128187,0.0
277,0.24612410418429467,0.0
278,0.7239371129294073,1.0
279,0.002369102387119665,0.0
280,0.002253976318172776,0.0
281,0.07080320599182593,0.0
282,0.7674566649325733,1.0
283,0.673279779781193,1.0
284,0.7757722679769287,1.0
285,0.190557871344787,0.0
286,0.008733799476735615,0.0
287,0.08543534450037268,0.0
288,0.3576590050745155,0.0
289,0.41958921862178306,0.0
290,0.6661619732674602,1.0
291,0.20818607513336443,0.0
292,0.0029067275046703034,0.0
293,0.04029935999099153,0.0
294,0.012082236357425584,0.0
295,0.46155222404481994,0.0
296,0.2462364495118244,0.0
297,0.19570210488809758,0.0
298,0.0030238409455101644,0.0
299,0.7721027524334196,1.0
300,0.04797419413521002,0.0
301,0.003991292166607664,0.0
302,0.036168200620886125,0.0
303,0.02949645173181395,0.0
304,0.9806450956880616,1.0
305,0.4247325096036409,0.0
306,0.0007401873772946044,0.0
307,0.3102923956499036,0.0
308,0.20635004792728406,0.0
309,0.5699308716149569,1.0
310,0.01065930586922903,0.0
311,0.036234803406072526,0.0
312,0.01185798956601576,0.0
313,0.31512932749078687,0.0
314,0.0019224971133557196,0.0
315,0.021398617967925564,0.0
316,0.24552799022441976,0.0
317,0.01877232974700859,0.0
318,0.029030910166527223,0.0
319,0.02670458026054434,0.0
320,0.05528282257728374,0.0
321,0.0043473912845304824,0.0
322,0.07055331310805783,0.0
323,0.0020389385336791106,0.0
324,0.019210112206743884,0.0
325,0.005253226275497152,0.0
326,0.566707585408461,1.0
327,0.47331215625045453,0.0
328,0.018164609456332775,0.0
329,0.03163721463354366,0.0
330,0.03899820239711718,0.0
331,0.1930150896780935,0.0
332,0.18081495914454157,0.0
333,0.7006084427848389,1.0
334,0.07012547383694345,0.0
335,0.27619916373215475,0.0
336,0.12308359461813667,0.0
337,0.0526499493148371,0.0
338,0.13977801274989896,0.0
339,0.06889111312577181,0.0
340,0.0471140314368224,0.0
341,0.547240715900673,1.0
342,0.885974389209546,1.0
343,0.2882674821999108,0.0
344,0.3705800744276842,0.0
345,0.043453377992781005,0.0
346,0.0027422850291718938,0.0
347,0.017381830351061556,0.0
348,0.9368346200980681,1.0
349,0.5643435660020911,1.0
350,0.6867090982779525,1.0
351,0.050752528313053935,0.0
352,0.008476345659447665,0.0
353,0.05708094643344738,0.0
354,0.13573574702040384,0.0
355,0.3966935910311863,0.0
356,0.00391181419072054,0.0
357,0.898148718081084,1.0
358,0.2582238230019991,0.0
359,0.03567051134866609,0.0
360,0.0060467999881022964,0.0
361,0.0013659713288069,0.0
362,0.7605310739100094,1.0
363,0.3695346034894934,0.0
364,0.4895146595183747,0.0
365,0.24053294069587094,0.0
366,0.1242514882741578,0.0
367,0.030096247268552354,0.0
368,0.03449889618323102,0.0
369,0.04752323442896646,0.0
370,0.011601589896877332,0.0
371,0.2691034274426446,0.0
372,0.0023933047044044945,0.0
373,0.5113593396511004,1.0
374,0.686339104360934,1.0
375,0.009356283838404348,0.0
376,0.037946425214213965,0.0
377,0.2134258792127593,0.0
378,0.0012915431194044185,0.0
379,0.26335196308953596,0.0
380,0.04856565656845905,0.0
381,0.14492450802773393,0.0
382,0.012724350985883617,0.0
383,0.023405174828059518,0.0
384,0.8332944240275257,1.0
385,0.19445639000245787,0.0
386,0.002967177883938853,0.0
387,0.003681574222390051,0.0
388,0.012335659320358296,0.0
389,0.8423760428983398,1.0
390,0.008358257567231067,0.0
391,0.5447456763178152,1.0
392,0.005997196890434302,0.0
393,0.001207833264524869,0.0
394,0.20388328991316226,0.0
395,0.0005495091460651836,0.0
396,0.7957751022412545,1.0
397,0.004714738995386955,0.0
398,0.45080226214265706,0.0
399,0.01938378234846837,0.0
400,0.12741900559602765,0.0
401,0.22524272392173078,0.0
402,0.36703145215446714,0.0
403,0.04734285963012409,0.0
404,0.07593593259616672,0.0
405,0.14085835073621458,0.0
406,0.005810755731851416,0.0
407,0.0009951365163709347,0.0
408,0.0060215468446941905,0.0
409,0.691321221812897,1.0
410,0.011887679619201529,0.0
411,0.31232590158244805,0.0
412,0.00041974973345165637,0.0
413,0.20807851025332322,0.0
414,0.028408945898558233,0.0
415,0.577609096958577,1.0
416,0.0012997679104599922,0.0
417,0.4484342307010866,0.0
418,0.03521184925521289,0.0
419,0.0008556374557389848,0.0
420,0.0033718621942916112,0.0
421,0.00036462284038294535,0.0
422,0.30742307176899647,0.0
423,0.09853872278780641,0.0
424,0.9393979882067843,1.0
425,0.01254434338360782,0.0
426,0.008637310696322228,0.0
427,0.0006977733636152233,0.0
428,0.0006881651634689774,0.0
429,0.11478059659853863,0.0
430,0.061864364756597345,0.0
431,0.0180241822597762,0.0
432,0.9636280286730382,1.0
433,0.07512541840096543,0.0
434,0.7286798365687209,1.0
435,0.29633167395537374,0.0
436,0.9656482964633131,1.0
437,0.11364621066959871,0.0
438,0.0018704959189984743,0.0
439,0.0002650510329172166,0.0
440,0.7820361223426451,1.0
441,0.000793340759218163,0.0
442,0.017794799277071276,0.0
443,0.1128948043350352,0.0
444,0.5040378482696714,1.0
445,0.16610281296323962,0.0
446,0.01233947218107476,0.0
447,0.6313544412796166,1.0
448,0.2298949866838859,0.0
449,0.6826974856395415,1.0
450,0.017128745798456652,0.0
451,0.6657901725182276,1.0
452,0.11870055019972976,0.0
453,0.019611501820443758,0.0
454,0.01108207110020315,0.0
455,0.4182347413079708,0.0
456,0.001458127394991152,0.0
457,0.7117201129453171,1.0
458,0.33078479615794576,0.0
459,0.0038766184830221003,0.0
460,0.17580031361114393,0.0
461,0.003877843379961035,0.0
462,0.021191087552524367,0.0
463,0.03200565836767907,0.0
464,0.1627257538308883,0.0
465,0.029182616142655382,0.0
466,0.034471873865218036,0.0
467,0.5595596446070543,1.0
468,0.5248077198207494,1.0
469,0.2319274172354404,0.0
470,0.13201694646103299,0.0
471,0.8926392266874061,1.0
472,0.09605937417173861,0.0
473,0.000703025967720342,0.0
474,0.0658895943406732,0.0
475,0.0649187110739126,0.0
476,0.1816973543764574,0.0
477,0.000689138224022808,0.0
478,0.039624150021617045,0.0
479,0.7924092492075028,1.0
480,0.09826746758764425,0.0
481,0.0008587850084459469,0.0
482,0.008282565859800028,0.0
483,0.007183121188542433,0.0
484,0.009347128794142172,0.0
485,0.02516323753570335,0.0
486,0.7213063248906325,1.0
487,0.2319032504029497,0.0
488,0.028181598388010747,0.0
489,0.18892097545715558,0.0
490,0.036125308574003825,0.0
491,0.003439513250468309,0.0
492,0.02121668257352296,0.0
493,0.14787892091154553,0.0
494,0.001109035848852039,0.0
495,0.0007203103011372163,0.0
496,0.20458752237475533,0.0
497,0.0006343902988734996,0.0
498,0.34047030513941373,0.0
499,0.004470140284819052,0.0
500,0.037535930839431096,0.0
501,0.03102641260031152,0.0
502,0.00041953752753324717,0.0
503,0.0007847228482333798,0.0
504,0.0007117676715249298,0.0
505,0.07530093778945816,0.0
506,0.05270220531857803,0.0
507,0.013955954344674918,0.0
508,0.0011166194428956725,0.0
509,0.020691916335914703,0.0
510,0.8089489410904901,1.0
511,0.008986909479676097,0.0
512,0.1599909797812252,0.0
513,0.40021102717441703,0.0
514,0.01476182893587968,0.0
515,0.02558735125769841,0.0
516,0.0007935022120671336,0.0
517,0.11786141386785924,0.0
518,0.9038108725924641,1.0
519,0.023514839289624778,0.0
520,0.1063332628150359,0.0
521,0.016835505251091995,0.0
522,0.2561490548715662,0.0
523,0.3787760968137301,0.0
524,0.003818671708572175,0.0
525,0.01170173993840146,0.0
526,0.008812781178777741,0.0
527,0.03721349144833343,0.0
528,0.013929695508882036,0.0
529,0.05099183832128351,0.0
530,0.009586445780696711,0.0
531,0.2439425254936744,0.0
532,0.05903204148264201,0.0
533,0.02398190217160585,0.0
534,0.08844275244734369,0.0
535,0.0004843903617403406,0.0
536,0.11943070429022147,0.0
537,0.005042676920106523,0.0
538,0.0389608329825683,0.0
539,0.36250146677998596,0.0
540,0.05396078350414637,0.0
541,0.8512521701035648,1.0
542,0.3209015838171799,0.0
543,0.1503095301506421,0.0
544,0.00114947956959096,0.0
545,0.04302955536006372,0.0
546,0.363762515519902,0.0
547,0.0011053661824561355,0.0
548,0.18776219826093335,0.0
549,0.0016290324485145745,0.0
550,0.05408107234774256,0.0
551,0.1331916630942792,0.0
552,0.9164386587126042,1.0
553,0.6258441647046437,1.0
554,0.2387957081872572,0.0
555,0.03324515248764442,0.0
556,0.02278092020048529,0.0
557,0.30743992033817763,0.0
558,0.38856542530463084,0.0
559,0.042596671640223994,0.0
560,0.044015334055303085,0.0
561,0.5829037977186738,1.0
562,0.057002075262969173,0.0
563,0.018181239204184536,0.0
564,0.04981229724519243,0.0
565,0.0797932917822367,0.0
566,0.27333470957990225,0.0
567,0.2710469634034116,0.0
568,0.004182800682083262,0.0
569,0.8362929419422632,1.0
570,0.0007417959949458067,0.0
571,0.001652601933262237,0.0
572,0.0039286710851918205,0.0
573,0.025499413373160397,0.0
574,0.8893788504053836,1.0
575,0.09677767519265416,0.0
576,0.6722711506102237,1.0
577,0.09552787504914884,0.0
578,0.03481351743590604,0.0
579,0.001737255419677376,0.0
580,0.04893303299395788,0.0
581,0.04164398483724024,0.0
582,0.7940897915018359,1.0
583,0.09267970247568631,0.0
584,0.02147047115315363,0.0
585,0.04849080198433942,0.0
586,0.0025004198496204263,0.0
587,0.04785620350761192,0.0
588,0.024458916473271603,0.0
589,0.00839869600379645,0.0
590,0.0009762926029941357,0.0
591,0.0007761462845312916,0.0
592,0.009265399960609412,0.0
593,0.01017303134191513,0.0
594,0.9493593302336404,1.0
595,0.011996002748406346,0.0
596,0.28068001004596915,0.0
597,0.0013093782323502317,0.0
598,0.21864449216886106,0.0
599,0.19081221768840465,0.0
600,0.006418368746601282,0.0
601,0.0013556783379233036,0.0
602,0.003998206988071795,0.0
603,0.0004975686772374678,0.0
604,0.14206459327234783,0.0
605,0.3095351447892169,0.0
606,0.09469186257153828,0.0
607,0.8696188620927349,1.0
608,0.2704603507335718,0.0
609,0.08066297124959798,0.0
610,0.008937457732121028,0.0
611,0.0009368048926711376,0.0
612,0.0008068640370104556,0.0
613,0.015922958460722964,0.0
614,0.8353099498646614,1.0
615,0.031587039240300756,0.0
616,0.04098644513132982,0.0
617,0.27854898747994156,0.0
618,0.08232786815817789,0.0
619,0.10497272220220412,0.0
620,0.13527786008392534,0.0
621,0.0026174762587263295,0.0
622,0.011209725760564544,0.0
623,0.002799125657330409,0.0
624,0.028610124683420952,0.0
625,0.012426250381304972,0.0
626,0.07652822324466466,0.0
627,0.13502178766879383,0.0
628,0.22267007116127105,0.0
629,0.022425789114392036,0.0
630,0.9378913497600726,1.0
631,0.8881152927741084,1.0
632,0.035306103494534814,0.0
633,0.001020962996016511,0.0
634,0.0004367697592880065,0.0
635,0.043915865584323206,0.0
636,0.006273293076240555,0.0
637,0.0018781634836739915,0.0
638,0.0031148240479144753,0.0
639,0.05188527491769586,0.0
640,0.00045612957148333304,0.0
641,0.03540474606993043,0.0
642,0.07971894202961566,0.0
643,0.019295523200985442,0.0
644,0.6558851353225299,1.0
645,0.03957212568846345,0.0
646,0.8763446914444613,1.0
647,0.5952897594271147,1.0
648,0.0009807073323596293,0.0
649,0.010037056192150113,0.0
650,0.0025157565729736213,0.0
651,0.7223791634837881,1.0
652,0.834735174609216,1.0
653,0.0024249381883944057,0.0
654,0.18063235215391724,0.0
655,0.05598637242172671,0.0
656,0.018286764456008686,0.0
657,0.002315390676918057,0.0
658,0.7901383349770799,1.0
659,0.008652774909051465,0.0
660,0.06444139888754724,0.0
661,0.07297234120133905,0.0
662,0.7056862899411679,1.0
663,0.10372784418765413,0.0
664,0.006528887655067948,0.0
665,0.1988709821582832,0.0
666,0.9815792378091311,1.0
667,0.016176518942861057,0.0
668,0.07871320541205575,0.0
669,0.21999998131276918,0.0
670,0.1947965936167672,0.0
671,0.03377373742713112,0.0
672,0.0011479432817621635,0.0
673,0.000675892948363239,0.0
674,0.17211212130401946,0.0
675,0.9161232569675212,1.0
676,0.7817474235226268,1.0
677,0.5059563765882724,1.0
678,0.004496773771295506,0.0
679,0.34209365406528824,0.0
680,0.8672467762884268,1.0
681,0.0027371474234139247,0.0
682,0.10548471191000366,0.0
683,0.0022432359440706473,0.0
684,0.0006708751139355717,0.0
685,0.0011624686438866528,0.0
686,0.8781955165818781,1.0
687,0.29067422926186615,0.0
688,0.029220850153077283,0.0
689,0.04068776643850162,0.0
690,0.4796432008347174,0.0
691,0.03643166526698884,0.0
692,0.02877887083925124,0.0
693,0.10993987504300513,0.0
694,0.25220899127240043,0.0
695,0.000931403113833696,0.0
696,0.03317692359738159,0.0
697,0.17930119142832873,0.0
698,0.11141319875658404,0.0
699,0.16851495693465257,0.0
700,0.2572588089248052,0.0
701,0.001746396439328041,0.0
702,0.8160669265487008,1.0
703,0.3329982886518123,0.0
704,0.034721060678741075,0.0
705,0.009499459587415405,0.0
706,0.08837078952136349,0.0
707,0.24373235304867533,0.0
708,0.0006665763645707865,0.0
709,0.6863942486891562,1.0
710,0.0025910845298570437,0.0
711,0.009173187970703761,0.0
712,0.0005803486043160986,0.0
713,0.043766523698196225,0.0
714,0.816790560511,1.0
715,0.46913478042232526,0.0
716,0.04559090253082516,0.0
717,0.023932042069026906,0.0
718,0.04262844893403346,0.0
719,0.038300501527110974,0.0
720,0.0007321586893330137,0.0
721,0.006636996728471379,0.0
722,0.500712620131173,1.0
723,0.19841339620291076,0.0
724,0.6430919385287512,1.0
725,0.8115430955847416,1.0
726,0.19115357034776698,0.0
727,0.003724014172430886,0.0
728,0.10607826796136977,0.0
729,0.0986539020206573,0.0
730,0.6523226991910316,1.0
731,0.0309346256953669,0.0
732,0.020429236582038594,0.0
733,0.002415112044713053,0.0
734,0.012355929483067995,0.0
735,0.005006051856472939,0.0
736,0.0006523945620993319,0.0
737,0.859031825453016,1.0
738,0.16850275948035276,0.0
739,0.04703674236271387,0.0
740,0.00795291584447076,0.0
741,0.3816267187946247,0.0
742,0.00047885369394466725,0.0
743,0.5657427279211802,1.0
744,0.02980529727655237,0.0
745,0.00024042457092681238,0.0
746,0.08727367167182552,0.0
747,0.00042216061755722073,0.0
748,0.01004761555553151,0.0
749,0.0072349410602695246,0.0
750,0.04754874432445827,0.0
751,0.09541917820102457,0.0
752,0.24751068581247784,0.0
753,0.0015644791204179576,0.0
754,0.0006408572868732093,0.0
755,0.0016191442849083412,0.0
756,0.023668272689745317,0.0
757,0.5407768228203568,1.0
758,0.08813720070881172,0.0
759,0.5327981395355517,1.0
760,0.7273846806735339,1.0
761,0.006531717873862475,0.0
762,0.0005021614666137963,0.0
763,0.0027232518494245423,0.0
764,0.002484270711175705,0.0
765,0.018616609654119803,0.0
766,0.15324849246407965,0.0
767,0.007971120649437913,0.0
768,0.013557282939113938,0.0
769,0.003894492513869512,0.0
770,0.0011910554577569039,0.0
771,0.9225259371978335,1.0
772,0.22678808114693788,0.0
773,0.056695469449176375,0.0
774,0.9081551458159216,1.0
775,0.3745016775430579,0.0
776,0.08705207665435015,0.0
777,0.00387242071076575,0.0
778,0.05888795553012913,0.0
779,0.028106813279225415,0.0
780,0.030071910863264058,0.0
781,0.2096534302057633,0.0
782,0.027426799735349144,0.0
783,0.0016299816063701387,0.0
784,0.01300958884389615,0.0
785,0.008794400144012851,0.0
786,0.005418184066201504,0.0
787,0.0029023070183081825,0.0
788,0.0015529320423363008,0.0
789,0.09088936894857488,0.0
790,0.312010450325144,0.0
791,0.3157996958547452,0.0
792,0.009721524219803178,0.0
793,0.01192588083143105,0.0
794,0.4058350392440467,0.0
795,0.001004602917374182,0.0
796,0.5275187313242768,1.0
797,0.29387654759479015,0.0
798,0.028653099277294893,0.0
799,0.21722590176643303,0.0
800,0.015102755260302256,0.0
801,0.5223109769905236,1.0
802,0.8109439785948384,1.0
803,0.009472189671237493,0.0
804,0.0029702797526676315,0.0
805,0.10714317768291758,0.0
806,0.12491921507804901,0.0
807,0.06496792670849726,0.0
808,0.015931290376363216,0.0
809,0.028628268891367634,0.0
810,0.4119490431895847,0.0
811,0.13971267556338043,0.0
812,0.6947781207877688,1.0
813,0.043495102250550505,0.0
814,0.857668796581597,1.0
815,0.05802528986727318,0.0
816,0.012131582331340459,0.0
817,0.9783246406401634,1.0
818,0.0004415830638917483,0.0
819,0.09638131202357975,0.0
820,0.0003395452086270528,0.0
821,0.0120827287700183,0.0
822,0.43766941903955625,0.0
823,0.04769842896250821,0.0
824,0.07213057854634497,0.0
825,0.05964608670082248,0.0
826,0.0011457982924231742,0.0
827,0.15437783735404864,0.0
828,0.009632108585537907,0.0
829,0.5709559605592242,1.0
830,0.5036413524721712,1.0
831,0.41342584394210263,0.0
832,0.12749977110999006,0.0
833,0.05783416464362953,0.0
834,0.489158162915247,0.0
835,0.5149184243330354,1.0
836,0.03162469281565565,0.0
837,0.8813748289706136,1.0
838,0.013975230242550294,0.0
839,0.006806496215710611,0.0
840,0.16221952650100335,0.0
841,0.025039368986223914,0.0
842,0.005516354461914898,0.0
843,0.001058792713503715,0.0
844,0.49666385011688396,0.0
845,0.08199037547264856,0.0
846,0.1768130149294114,0.0
847,0.00645164935326303,0.0
848,0.4086979963140782,0.0
849,0.045584670503407136,0.0
850,0.2337022660736038,0.0
851,0.25415763756170956,0.0
852,0.5614632076277519,1.0
853,0.14494543747169678,0.0
854,0.1379017533846837,0.0
855,0.012404091246938476,0.0
856,0.010754773706252184,0.0
857,0.8362690078886179,1.0
858,0.004205894547416712,0.0
859,0.30871140754105036,0.0
860,0.0012119822869108962,0.0
861,0.7914476359755692,1.0
862,0.003348245550737307,0.0
863,0.1521528627747286,0.0
864,0.024586363201557073,0.0
865,0.055303066834293396,0.0
866,0.18964598791831133,0.0
867,0.005770584973089362,0.0
868,0.04580570366258659,0.0
869,0.014445915077066105,0.0
870,0.0006402971460407811,0.0
871,0.004340448910241441,0.0
872,0.009438083154599848,0.0
873,0.022293644683837904,0.0
874,0.20982925558533722,0.0
875,0.3559505970590102,0.0
876,0.0036710778051730997,0.0
877,0.018085299595947308,0.0
878,0.0007701337457524552,0.0
879,0.8579931897835034,1.0
880,0.10818296473728302,0.0
881,0.5075052624569975,1.0
882,0.19285149153774137,0.0
883,0.0014703486817809449,0.0
884,0.6130437825870025,1.0
885,0.0007265679093516053,0.0
886,0.06024622638856409,0.0
887,0.2129966032193682,0.0
888,0.112793948461222,0.0
889,0.1258059480356859,0.0
890,0.08320650715869937,0.0
891,0.2422707623463139,0.0
892,0.008529364287604427,0.0
893,0.008219402604355174,0.0
894,0.16944008768086946,0.0
895,0.04907998376607482,0.0
896,0.041302192546782086,0.0
897,0.8511471285896995,1.0
898,0.03297986988846972,0.0
899,0.04874653053185726,0.0
900,0.031231078073907716,0.0
901,0.051744008305069124,0.0
902,0.3826907459858122,0.0
903,0.0007850921232973485,0.0
904,0.001338171190623994,0.0
905,0.04525272172533146,0.0
906,0.026149512934947945,0.0
907,0.00046295553703797564,0.0
908,0.28862557706642256,0.0
909,0.007879798880276413,0.0
910,0.10453004919251298,0.0
911,0.011631423393286417,0.0
912,0.0010815355087266235,0.0
913,0.0017435183192860753,0.0
914,0.2089095642653197,0.0
915,0.6300091715941017,1.0
916,0.018512676895812107,0.0
917,0.059493710756781094,0.0
918,0.23640038667457453,0.0
919,0.6331167682820185,1.0
920,0.5618181958944812,1.0
921,0.10512308711245122,0.0
922,0.0049802329513219884,0.0
923,0.003829743839319975,0.0
924,0.13656616495676244,0.0
925,0.03291754096674239,0.0
926,0.001143009657746406,0.0
927,0.6881087182478408,1.0
928,0.5923040901939327,1.0
929,0.001628271135159279,0.0
930,0.009620600032611223,0.0
931,0.2184063018263901,0.0
932,0.18744317602776564,0.0
933,0.00044730072551500715,0.0
934,0.04551301213956499,0.0
935,0.8531069415919976,1.0
936,0.478343320157126,0.0
937,0.010542426068651217,0.0
938,0.04144698790572249,0.0
939,0.04174964720876122,0.0
940,0.019430133270228238,0.0
941,0.00024871832251859043,0.0
942,0.060288714203055524,0.0
943,0.014774017234681254,0.0
944,0.3275170464947046,0.0
945,0.0014973830219867045,0.0
946,0.01039902140035593,0.0
947,0.08834734057788353,0.0
948,0.017130900679840664,0.0
949,0.0016213151024797048,0.0
950,0.8796340516697994,1.0
951,0.7276569922211489,1.0
952,0.026985421898272254,0.0
953,0.02014165901774478,0.0
954,0.0008427061706407103,0.0
955,0.0030946010018267434,0.0
956,0.0038168620903118304,0.0
957,0.007008301173292125,0.0
958,0.03243807917523324,0.0
959,0.03006566787682084,0.0
960,0.08466882207092737,0.0
961,0.013172908230159071,0.0
962,0.43117165722647505,0.0
963,0.0025816042745978717,0.0
964,0.2863319581458181,0.0
965,0.5567365439864308,1.0
966,0.1839710151125794,0.0
967,0.3389988345198947,0.0
968,0.03421847024352621,0.0
969,0.03180547529126866,0.0
970,0.042252499272253344,0.0
971,0.048392468985371515,0.0
972,0.018360727371823156,0.0
973,0.006816129576511891,0.0
974,0.007529669704934031,0.0
975,0.47646701232282757,0.0
976,0.39580578009433215,0.0
977,0.46426750375142434,0.0
978,0.11964630292577573,0.0
979,0.017998843387303006,0.0
980,0.0004769287140051738,0.0
981,0.483638216956024,0.0
982,0.945713297792354,1.0
983,0.08532281662159788,0.0
984,0.5934407009255573,1.0
985,0.01856157480518,0.0
986,0.0019750660236382985,0.0
987,0.14596299313749328,0.0
988,0.9435112643577972,1.0
989,0.9607470449017159,1.0
990,0.027266495430772177,0.0
991,0.5218394712384851,1.0
992,0.04729174991902888,0.0
993,0.13796983074880542,0.0
994,0.11403681663822257,0.0
995,0.3319439828434622,0.0
996,0.0003226666497397104,0.0
997,0.0016300109846256261,0.0
998,0.70483260194774,1.0
999,0.9700241080167407,1.0
1000,0.0008405427134201823,0.0
1001,0.13595999226262498,0.0
1002,0.005690971122353502,0.0
1003,0.006923479448081541,0.0
1004,0.10873896142274486,0.0
1005,0.0029413337942235562,0.0
1006,0.06895086446654451,0.0
1007,0.10064336988965844,0.0
1008,0.7657457817014086,1.0
1009,0.049526174112018415,0.0
1010,0.2099987836299026,0.0
1011,0.03804768312528109,0.0
1012,0.054205456955175216,0.0
1013,0.0008801629422417762,0.0
1014,0.0011087212943321594,0.0
1015,0.001055184144677276,0.0
1016,0.07603543474618187,0.0
1017,0.0013155242490542405,0.0
1018,0.29675868304082437,0.0
1019,0.007248718203711121,0.0
1020,0.1492524149262355,0.0
1021,0.28891104946281837,0.0
1022,0.0010656240833529522,0.0
1023,0.0005243497694527581,0.0
1024,0.3866714247910338,0.0
1025,0.0069705227666399285,0.0
1026,0.025367756363847836,0.0
1027,0.028089866999220194,0.0
1028,0.16988688986429054,0.0
1029,0.06842097777229883,0.0
1030,0.18997487513096437,0.0
1031,0.9645560427439575,1.0
1032,0.0007127039092687641,0.0
1033,0.09114171033999832,0.0
1034,0.009393254815828235,0.0
1035,0.16096490329659702,0.0
1036,0.9829812880150018,1.0
1037,0.009992790060661736,0.0
1038,0.12204065041320528,0.0
1039,0.0007041672378755475,0.0
1040,0.0721633777244948,0.0
1041,0.032284954420530435,0.0
1042,0.09534007650938905,0.0
1043,0.8561668551654915,1.0
1044,0.23618231044297447,0.0
1045,0.008130600723464112,0.0
1046,0.2334749359655267,0.0
1047,0.6409315979810224,1.0
1048,0.0008071550427079207,0.0
1049,0.5109508619756684,1.0
1050,0.015577853773391197,0.0
1051,0.13395554138408794,0.0
1052,0.006647459524804438,0.0
1053,0.7864479779030252,1.0
1054,0.0010457315639117054,0.0
1055,0.9636601581882932,1.0
1056,0.06280683990575744,0.0
1057,0.03754547298764337,0.0
1058,0.00867980757607933,0.0
1059,0.004088411956087093,0.0
1060,0.35504752400833905,0.0
1061,0.00048331801004784303,0.0
1062,0.0031881841857449604,0.0
1063,0.0285404399537046,0.0
1064,0.3049189221759459,0.0
1065,0.0028458181491070205,0.0
1066,0.6330905148243832,1.0
1067,0.25777136149165003,0.0
1068,0.00040905764980332285,0.0
1069,0.014371218793519928,0.0
1070,0.7022124303860021,1.0
1071,0.11971241009193974,0.0
1072,0.00796614048883527,0.0
1073,0.6106458031668722,1.0
1074,0.7887480957781104,1.0
1075,0.0011787739749135923,0.0
1076,0.087874709325384,0.0
1077,0.0012940328207302215,0.0
1078,0.01510620097821278,0.0
1079,0.5345403580466163,1.0
1080,0.0006586120153314888,0.0
1081,0.0008720809873152334,0.0
1082,0.0398479589764515,0.0
1083,0.0322621173187503,0.0
1084,0.9679433340352592,1.0
1085,0.0660400495736986,0.0
1086,0.015824703391797014,0.0
1087,0.01612154938902073,0.0
1088,0.7426857722614028,1.0
1089,0.004528054081387929,0.0
1090,0.00914348738296603,0.0
1091,0.0007096078653768886,0.0
1092,0.15775949570606554,0.0
1093,0.0003949970299632475,0.0
1094,0.044910807986276204,0.0
1095,0.02904609225304608,0.0
1096,0.0017787234906805104,0.0
1097,0.2177482197489251,0.0
1098,0.04819970867752758,0.0
1099,0.0004778292867629597,0.0
1100,0.023408241693945297,0.0
1101,0.09314459078708891,0.0
1102,0.03320144801958504,0.0
1103,0.7621061857556851,1.0
1104,0.12746825602562228,0.0
1105,0.002431197620702138,0.0
1106,0.0017235812273867018,0.0
1107,0.03173855849900814,0.0
1108,0.18244300138375077,0.0
1109,0.6302063636613646,1.0
1110,0.18303901009058293,0.0
1111,0.44018915687684224,0.0
1112,0.02196493045269235,0.0
1113,0.01803495543478731,0.0
1114,0.8837164070449691,1.0
1115,0.6876654750219414,1.0
1116,0.001550839018363752,0.0
1117,0.633311017644483,1.0
1118,0.0760521171483342,0.0
1119,0.27624069546657787,0.0
1120,0.062460326889182724,0.0
1121,0.06528580760671404,0.0
1122,0.013248555925194945,0.0
1123,0.6511228523383349,1.0
1124,0.7750870882749725,1.0
1125,0.06266767122969691,0.0
1126,0.00026471048897926786,0.0
1127,0.001339994836982686,0.0
1128,0.05767408856683519,0.0
1129,0.9234433963403701,1.0
1130,0.1526053288071643,0.0
1131,0.08147629171930316,0.0
1132,0.0019173094088260122,0.0
1133,0.011580200798013182,0.0
1134,0.06266042827245169,0.0
1135,0.581562571180378,1.0
1136,0.049596477860951484,0.0
1137,0.04430608162880682,0.0
1138,0.5255031881139368,1.0
1139,0.03422578449167339,0.0
1140,0.006278052987195575,0.0
1141,0.37707579352850507,0.0
1142,0.019109822560984896,0.0
1143,0.08410754674637441,0.0
1144,0.03582572852200735,0.0
1145,0.2893749874551201,0.0
1146,0.06443409445128755,0.0
1147,0.28998994399358274,0.0
1148,0.0004356061328304124,0.0
1149,0.8657761909758505,1.0
1150,0.057034365405400446,0.0
1151,0.1154616275858165,0.0
1152,0.7083592509935287,1.0
1153,0.915531269129704,1.0
1154,0.004400418138971844,0.0
1155,0.07773430331655888,0.0
1156,0.0007132888138211503,0.0
1157,0.033730683835356025,0.0
1158,0.06973541178214104,0.0
1159,0.6342942412983681,1.0
1160,0.004279962780590238,0.0
1161,0.04467551791167309,0.0
1162,0.04616071373319487,0.0
1163,0.4435901143276477,0.0
1164,0.7959826534713933,1.0
1165,0.10331820693191765,0.0
1166,0.016680391983917516,0.0
1167,0.9102083157921357,1.0
1168,0.029815198224025515,0.0
1169,0.004168859606789528,0.0
1170,0.7609112979110928,1.0
1171,0.2749859939783387,0.0
1172,0.0020198580959989013,0.0
1173,0.32121910758657524,0.0
1174,0.019422907525691202,0.0
1175,0.08292548371270468,0.0
1176,0.0030325980232504186,0.0
1177,0.8316890384121289,1.0
1178,0.029055987734170414,0.0
1179,0.0026509744826733045,0.0
1180,0.15326546566443705,0.0
1181,0.003457162689478971,0.0
1182,0.5955658407911835,1.0
1183,0.3785127077958625,0.0
1184,0.6389341608516539,1.0
1185,0.08586420145367989,0.0
1186,0.027836845569443953,0.0
1187,0.3131663517145603,0.0
1188,0.03224482671030821,0.0
1189,0.8857154674348151,1.0
1190,0.010298052785988051,0.0
1191,0.019726608461140594,0.0
1192,0.06855079919429946,0.0
1193,0.044299402512354494,0.0
1194,0.05182746698654051,0.0
1195,0.1952938125073091,0.0
1196,0.8314667350095227,1.0
1197,0.09054472831572534,0.0
1198,0.013668655556380771,0.0
1199,0.03113103665519008,0.0
1200,0.0013450218974141138,0.0
1201,0.03438032754061769,0.0
1202,0.0013768919013440754,0.0
1203,0.03076264006140538,0.0
1204,0.0006144191813610452,0.0
1205,0.044910225275248274,0.0
1206,0.007115927033406289,0.0
1207,0.3781839528747249,0.0
1208,0.03789862536458516,0.0
1209,0.5287664691288774,1.0
1210,0.10579451956093368,0.0
1211,0.25818055132451045,0.0
1212,0.6333728694512379,1.0
1213,0.0076094532890327365,0.0
1214,0.0011541841166324803,0.0
1215,0.011586458215110325,0.0
1216,0.0414685301310919,0.0
1217,0.12861081123282975,0.0
1218,0.06890736532502859,0.0
1219,0.5089844062119865,1.0
1220,0.002546788530808371,0.0
1221,0.03991534460513121,0.0
1222,0.12546431491414123,0.0
1223,0.0010140974782429665,0.0
1224,0.0015268656975028284,0.0
1225,0.024512165960733474,0.0
1226,0.018511704820081867,0.0
1227,0.19321543237914318,0.0
1228,0.1374459383695454,0.0
1229,0.008296809744440812,0.0
1230,0.021116376451215075,0.0
1231,0.017701337014153787,0.0
1232,0.7266225992016759,1.0
1233,0.0009804653115108542,0.0
1234,0.8818518263512163,1.0
1235,0.0013763920160276878,0.0
1236,0.32887220906025677,0.0
1237,0.0646507835657871,0.0
1238,0.5749306984199756,1.0
1239,0.0015046211925781813,0.0
1240,0.003005531446972122,0.0
1241,0.01787795321315408,0.0
1242,0.0032340887034582526,0.0
1243,0.09738953979674826,0.0
1244,0.07174209998329822,0.0
1245,0.9277721777065809,1.0
1246,0.1008560472168286,0.0
1247,0.07651298611301857,0.0
1248,0.002296000695292109,0.0
1249,0.04105672520402744,0.0
1250,0.0013873651127636918,0.0
1251,0.0029678291144709704,0.0
1252,0.009266582650865112,0.0
1253,0.12364762121636183,0.0
1254,0.0030377986862803164,0.0
1255,0.48535428156990584,0.0
1256,0.0019710134890996212,0.0
1257,0.0084696047787573,0.0
1258,0.003103563381892296,0.0
1259,0.005105797890445796,0.0
1260,0.11151663066978262,0.0
1261,0.03939532681679492,0.0
1262,0.002738123840021161,0.0
1263,0.190552999405659,0.0
1264,0.503879599260094,1.0
1265,0.0004865418673089365,0.0
1266,0.43104644642243445,0.0
1267,0.0005820740783531336,0.0
1268,0.026934590403165176,0.0
1269,0.03214409566716478,0.0
1270,0.36522640165165543,0.0
1271,0.22459985771201338,0.0
1272,0.05778438845208559,0.0
1273,0.3892122327495146,0.0
1274,0.0005934931032760857,0.0
1275,0.014803315620483298,0.0
1276,0.01773981936233434,0.0
1277,0.2669355824659991,0.0
1278,0.4259159127189133,0.0
1279,0.025735945958807117,0.0
1280,0.9703916971210529,1.0
1281,0.6849940161050834,1.0
1282,0.0003938376461361977,0.0
1283,0.0010885014509414556,0.0
1284,0.03954446745538746,0.0
1285,0.04218627538041632,0.0
1286,0.01908188740024687,0.0
1287,0.16407028405754745,0.0
1288,0.004084452824066899,0.0
1289,0.0011674782719209324,0.0
1290,0.39948688873872207,0.0
1291,0.0552418544134379,0.0
1292,0.6590751543024694,1.0
1293,0.11379074104246,0.0
1294,0.00760180378101302,0.0
1295,0.10431076580447027,0.0
1296,0.2426434498773954,0.0
1297,0.031762838792028486,0.0
1298,0.02609724079722226,0.0
1299,0.0061596360157068816,0.0
1300,0.5523402822994863,1.0
1301,0.01837850997524843,0.0
1302,0.3994372596362161,0.0
1303,0.2637167414867629,0.0
1304,0.0021348135916301188,0.0
1305,0.0004749417060545781,0.0
1306,0.008305812153972799,0.0
1307,0.2134538860063589,0.0
1308,0.00931760182302499,0.0
1309,0.24866547368630335,0.0
1310,0.00021846627024952472,0.0
1311,0.014602762852859684,0.0
1312,0.016529613707428004,0.0
1313,0.03340683916001749,0.0
1314,0.25104022166080375,0.0
1315,0.14470669030804884,0.0
1316,0.0002392994166583361,0.0
1317,0.3297176125950583,0.0
1318,0.1285807416087066,0.0
1319,0.09517975680126502,0.0
1320,0.5274706792337933,1.0
1321,0.1839741152427224,0.0
1322,0.007087517989150663,0.0
1323,0.014573824613088269,0.0
1324,0.0015674664805386098,0.0
1325,0.01605524172627514,0.0
1326,0.0003741728177597242,0.0
1327,0.0005372629229501264,0.0
1328,0.13945474988487105,0.0
1329,0.6237427357292292,1.0
1330,0.002105885314489305,0.0
1331,0.0026720885804812342,0.0
1332,0.3247993950941097,0.0
1333,0.05374301906738803,0.0
1334,0.1136574386449224,0.0
1335,0.007258327077034839,0.0
1336,0.0016519592812110496,0.0
1337,0.0009027491359749568,0.0
1338,0.0008507082592202748,0.0
1339,0.055442031981518626,0.0
1340,0.017630569646007014,0.0
1341,0.005588316142471813,0.0
1342,0.17484863645469173,0.0
1343,0.7252435406317499,1.0
1344,0.003711247780514,0.0
1345,0.026694727241081347,0.0
1346,0.7593605897012756,1.0
1347,0.03394728800167123,0.0
1348,0.11492384723763668,0.0
1349,0.7242588988485171,1.0
1350,0.24399754848532412,0.0
1351,0.09587671476508007,0.0
1352,0.15021348249480407,0.0
1353,0.12745929222602984,0.0
1354,0.349541808580355,0.0
1355,0.18699688785790303,0.0
1356,0.06554717055223852,0.0
1357,0.7203529538277524,1.0
1358,0.03280221431385341,0.0
1359,0.00508926242752793,0.0
1360,0.0011799944970696957,0.0
1361,0.20181857794922958,0.0
1362,0.005738593858767056,0.0
1363,0.13756840550077581,0.0
1364,0.4834065321242394,0.0
1365,0.0019477771480673495,0.0
1366,0.9263936031444326,1.0
1367,0.3748988334598811,0.0
1368,0.0010088044526369206,0.0
1369,0.011770099719060671,0.0
1370,0.08511917419113722,0.0
1371,0.7662945885771092,1.0
1372,0.0032794650176911307,0.0
1373,0.01087477420403526,0.0
1374,0.026376228284593253,0.0
1375,0.07200130317296068,0.0
1376,0.06984779968372876,0.0
1377,0.8480799520732601,1.0
1378,0.5881733619545987,1.0
1379,0.00025262361527140506,0.0
1380,0.9215205597339748,1.0
1381,0.9610759226693117,1.0
1382,0.28882385781961645,0.0
1383,0.02814804535321736,0.0
1384,0.00024769812451655296,0.0
1385,0.533347345147275,1.0
1386,0.8717264428394728,1.0
1387,0.0004365627996722233,0.0
1388,0.0008742942034985552,0.0
1389,0.0058118807033135395,0.0
1390,0.7987293799645757,1.0
1391,0.4548971463864753,0.0
1392,0.7509382246971773,1.0
1393,0.17786898447443752,0.0
1394,0.010047310297198311,0.0
1395,0.23079930366104456,0.0
1396,0.007812021553288598,0.0
1397,0.0010813139941813403,0.0
1398,0.1524378647426316,0.0
1399,0.16371947486669272,0.0
1400,0.26204306375284925,0.0
1401,0.809564964083504,1.0
1402,0.7473234146972649,1.0
1403,0.12334426550066492,0.0
1404,0.04136551512669738,0.0
1405,0.0011616619871115822,0.0
1406,0.7032043509453263,1.0
1407,0.002050638900173469,0.0
1408,0.48392267107580134,0.0
1409,0.0007630970359031279,0.0
1410,0.0023293831609955233,0.0
1411,0.10026736340759035,0.0
1412,0.0015873522468440064,0.0
1413,0.012306858287879939,0.0
1414,0.007066089575012493,0.0
1415,0.006169664441001196,0.0
1416,0.05931069776385766,0.0
1417,0.2234147680327953,0.0
1418,0.026594675535204955,0.0
1419,0.013545048910636534,0.0
1420,0.0006281073175729187,0.0
1421,0.010817708613168203,0.0
1422,0.0028642096524709175,0.0
1423,0.18903624408010034,0.0
1424,0.03248578775624605,0.0
1425,0.002144073654173343,0.0
1426,0.007608661796915088,0.0
1427,0.0002750282840811533,0.0
1428,0.01585232344492201,0.0
1429,0.3136275502395748,0.0
1430,0.20444409144139744,0.0
1431,0.002345389392878831,0.0
1432,0.3571602361708357,0.0
1433,0.03158370497135548,0.0
1434,0.036840303821540084,0.0
1435,0.22959567036936177,0.0
1436,0.00444272827894539,0.0
1437,0.010222814957620388,0.0
1438,0.873516054940335,1.0
1439,0.0009757324444157242,0.0
1440,0.0018947783746715513,0.0
1441,0.44943810393216893,0.0
1442,0.11108291304519737,0.0
1443,0.0053850848981054685,0.0
1444,0.16011199069193552,0.0
1445,0.34148421150983416,0.0
1446,0.0007338599190548309,0.0
1447,0.0018386868826640263,0.0
1448,0.001113345800769241,0.0
1449,0.09867690659572091,0.0
1450,0.06556302635172265,0.0
1451,0.7197013019657306,1.0
1452,0.015304182661463097,0.0
1453,0.3362843665800217,0.0
1454,0.00802019200738535,0.0
1455,0.026439780110405764,0.0
1456,0.0017995454641517741,0.0
1457,0.005577713778547926,0.0
1458,0.3970516142791796,0.0
1459,0.0006616258795730133,0.0
1460,0.001163068164491054,0.0
1461,0.005642802199878933,0.0
1462,0.001922049228265961,0.0
1463,0.0013310667613035067,0.0
1464,0.003503627407078916,0.0
1465,0.07544746848919331,0.0
1466,0.8322676087770732,1.0
1467,0.40341797254262135,0.0
1468,0.001576269976602811,0.0
1469,0.0006363122846949868,0.0
1470,0.037010635232696064,0.0
1471,0.005203951120241851,0.0
1472,0.0005892663078600512,0.0
1473,0.0013680628244047382,0.0
1474,0.2529328297296769,0.0
1475,0.002190371326110708,0.0
1476,0.04440789905414504,0.0
1477,0.001305632857425473,0.0
1478,0.02507579205252363,0.0
1479,0.9108988142799017,1.0
1480,0.8489760735176686,1.0
1481,0.0010522009602200921,0.0
1482,0.04690555981857445,0.0
1483,0.0910464754888009,0.0
1484,0.001858888401598094,0.0
1485,0.9188110119702348,1.0
1486,0.003971953507593825,0.0
1487,0.2786162104112074,0.0
1488,0.005441394782744254,0.0
1489,0.0010033443115150741,0.0
1490,0.2647571270038508,0.0
1491,0.9349646815598888,1.0
1492,0.09071855399054496,0.0
1493,0.002962782584757689,0.0
1494,0.04637314679552996,0.0
1495,0.12661117936219055,0.0
1496,0.003938918944523201,0.0
1497,0.0346532051498876,0.0
1498,0.12383250367525894,0.0
1499,0.016847405183752568,0.0
1500,0.0008029695718664188,0.0
1501,0.057510665073734216,0.0
1502,0.015042169992842372,0.0
1503,0.1491197131138784,0.0
1504,0.004353761895721996,0.0
1505,0.034914505807694,0.0
1506,0.16175718873134867,0.0
1507,0.0077683646256277395,0.0
1508,0.1077004832203462,0.0
1509,0.007547610137335612,0.0
1510,0.009459320399011695,0.0
1511,0.08579061726525074,0.0
1512,0.0006311423718719036,0.0
1513,0.9169908658286992,1.0
1514,0.0010960414892855893,0.0
1515,0.028864517139884933,0.0
1516,0.334259826385631,0.0
1517,0.0683180649078977,0.0
1518,0.028327481263885845,0.0
1519,0.7584470323106387,1.0
1520,0.05425426736316663,0.0
1521,0.07622882036989995,0.0
1522,0.010514377519883617,0.0
1523,0.036023312089752846,0.0
1524,0.0019167956909239598,0.0
1525,0.0017894940032192053,0.0
1526,0.22165112694392453,0.0
1527,0.2908496855616788,0.0
1528,0.7324532755176818,1.0
1529,0.21846634341322788,0.0
1530,0.5456130990946981,1.0
1531,0.45867609686057925,0.0
1532,0.14029515718872393,0.0
1533,0.0035102371139443195,0.0
1534,0.06922507537351492,0.0
1535,0.03316145935914591,0.0
1536,0.001641231944441474,0.0
1537,0.07217344193660809,0.0
1538,0.0038171431705212684,0.0
1539,0.4184148949341664,0.0
1540,0.7519210837095838,1.0
1541,0.12676810228013438,0.0
1542,0.3242138205505078,0.0
1543,0.0013179311477019835,0.0
1544,0.0006729624539826873,0.0
1545,0.7049098930476275,1.0
1546,0.001348354845461872,0.0
1547,0.23745810173123727,0.0
1548,0.09935646422498948,0.0
1549,0.5855332643454312,1.0
1550,0.40329443752242544,0.0
1551,0.0016764979536330552,0.0
1552,0.5800215717268157,1.0
1553,0.6688172774314466,1.0
1554,0.0007870448420455006,0.0
1555,0.001454787648035151,0.0
1556,0.017768495497546773,0.0
1557,0.07642033707461784,0.0
1558,0.0028729356082121816,0.0
1559,0.005253497923168836,0.0
1560,0.01567052415430286,0.0
1561,0.012824540940343365,0.0
1562,0.395548109442803,0.0
1563,0.0011935529930976261,0.0
1564,0.041422653531598526,0.0
1565,0.3274408132371894,0.0
1566,0.05052723097897236,0.0
1567,0.7433690905479415,1.0
1568,0.9380029442962602,1.0
1569,0.030680605526370672,0.0
1570,0.7719553064540914,1.0
1571,0.06450350006001285,0.0
1572,0.9717860479285032,1.0
1573,0.2845892096351605,0.0
1574,0.20101215714212134,0.0
1575,0.024674017036823037,0.0
1576,0.020942076707532165,0.0
1577,0.11814746076512586,0.0
1578,0.18190470209713233,0.0
1579,0.42813101311864576,0.0
1580,0.004863828986557281,0.0
1581,0.005146366242912876,0.0
1582,0.07675703395723839,0.0
1583,0.040108726918416535,0.0
1584,0.0006340014072487696,0.0
1585,0.23645600654642546,0.0
1586,0.0028052886700140273,0.0
1587,0.003505200947092449,0.0
1588,0.10735684922203077,0.0
1589,0.39997592644989133,0.0
1590,0.42916755162544956,0.0
1591,0.23337231413320578,0.0
1592,0.0006691353012380538,0.0
1593,0.001010402565884854,0.0
1594,0.21673985596762338,0.0
1595,0.044490659272830434,0.0
1596,0.8176657632106616,1.0
1597,0.0016411842212867595,0.0
1598,0.014646511598924623,0.0
1599,0.028134747438462653,0.0
1600,0.0013047703483791803,0.0
1601,0.510677191776809,1.0
1602,0.0036103457726562875,0.0
1603,0.008861372224593052,0.0
1604,0.0009948985343849182,0.0
1605,0.0576162796295543,0.0
1606,0.24633436033889763,0.0
1607,0.00915842972573322,0.0
1608,0.11181728982433055,0.0
1609,0.18598756423150173,0.0
1610,0.6353244643091832,1.0
1611,0.0034357126760575854,0.0
1612,0.20686857518151222,0.0
1613,0.08135669806869782,0.0
1614,0.002522037043911586,0.0
1615,0.03353882202966692,0.0
1616,0.06230301630828339,0.0
1617,0.008834968223903596,0.0
1618,0.7072844485107949,1.0
1619,0.02345164367622179,0.0
1620,0.046077205265878225,0.0
1621,0.026241597472372077,0.0
1622,0.10096416110273236,0.0
1623,0.37550805261051806,0.0
1624,0.11706894745465858,0.0
1625,0.33925236161827726,0.0
1626,0.8893011674610679,1.0
1627,0.22725782553928162,0.0
1628,0.7062742683056283,1.0
1629,0.19573936449367058,0.0
1630,0.04798479588322664,0.0
1631,0.0798926317263605,0.0
1632,0.024331177489618893,0.0
1633,0.012053777489757998,0.0
1634,0.6576653486240039,1.0
1635,0.0006003276192527278,0.0
1636,0.07206712239645881,0.0
1637,0.023533426743090766,0.0
1638,0.023357772180422728,0.0
1639,0.04609622419364906,0.0
1640,0.0007130196917670346,0.0
1641,0.06982002944227804,0.0
1642,0.0007835203783298918,0.0
1643,0.10563200305366548,0.0
1644,0.648740416121858,1.0
1645,0.00046739897540578284,0.0
1646,0.027975184254521546,0.0
1647,0.13828385004915078,0.0
1648,0.15875693626295811,0.0
1649,0.011027731112905517,0.0
1650,0.0073797617329356725,0.0
1651,0.1414588701135099,0.0
1652,0.05339919004398631,0.0
1653,0.6756787685943759,1.0
1654,0.005401422782738155,0.0
1655,0.0005529915972742693,0.0
1656,0.4963778351455019,0.0
1657,0.3585685682686897,0.0
1658,0.010923120303494729,0.0
1659,0.09989165309502411,0.0
1660,0.017040987892442565,0.0
1661,0.1536788467338185,0.0
1662,0.05384250765108968,0.0
1663,0.16382944712727723,0.0
1664,0.5347970667983037,1.0
1665,0.5374772440956004,1.0
1666,0.009191255953634498,0.0
1667,0.1094793250410782,0.0
1668,0.07162831418019788,0.0
1669,0.03680665256872991,0.0
1670,0.47963048788750823,0.0
1671,0.02528387006294616,0.0
1672,0.7211640527086024,1.0
1673,0.6970386198662547,1.0
1674,0.019178634309946728,0.0
1675,0.000864837010298614,0.0
1676,0.9009879421582716,1.0
1677,0.14195652990240995,0.0
1678,0.052361432560219946,0.0
1679,0.4420741748064252,0.0
1680,0.0004774767182009719,0.0
1681,0.001389766707647285,0.0
1682,0.02461167857322777,0.0
1683,0.7744242592344687,1.0
1684,0.8325142177450182,1.0
1685,0.8183088806369084,1.0
1686,0.22044572792756922,0.0
1687,0.05206842147356698,0.0
1688,0.05335868810240626,0.0
1689,0.3392780607444326,0.0
1690,0.0020857960746174208,0.0
1691,0.2608432242697053,0.0
1692,0.048629457299105755,0.0
1693,0.12251954691515456,0.0
1694,0.04493849925687827,0.0
1695,0.9392271427370965,1.0
1696,0.019187491263867533,0.0
1697,0.47491064610356903,0.0
1698,0.0009000271516611628,0.0
1699,0.04145170083664193,0.0
1700,0.01343183582470598,0.0
1701,0.08591008762254373,0.0
1702,0.6273253580334106,1.0
1703,0.2568454900283238,0.0
1704,0.6718001914733343,1.0
1705,0.006705588402619123,0.0
1706,0.018085458836706435,0.0
1707,0.09545460724397364,0.0
1708,0.9424536074927139,1.0
1709,0.0019362727420005772,0.0
1710,0.04186341461515554,0.0
1711,0.08151943471177489,0.0
1712,0.9913987588983193,1.0
1713,0.04069431144205669,0.0
1714,0.0665562470488021,0.0
1715,0.055679949686228046,0.0
1716,0.020284671113878137,0.0
1717,0.0036626012128217213,0.0
1718,0.013902478994935645,0.0
1719,0.23992541679902854,0.0
1720,0.0005604030431255512,0.0
1721,0.03479442501180225,0.0
1722,0.0010118965507327213,0.0
1723,0.0005052961370585193,0.0
1724,0.011163465482881585,0.0
1725,0.25687379461162213,0.0
1726,0.7004573996802318,1.0
1727,0.002613219382087066,0.0
1728,0.0012720565315268203,0.0
1729,0.04208324397264849,0.0
1730,0.066049170270049,0.0
1731,0.0004711068998466297,0.0
1732,0.01754835055376469,0.0
1733,0.6473985148221589,1.0
1734,0.1209270877885134,0.0
1735,0.3673040772741105,0.0
1736,0.7727809553156877,1.0
1737,0.062484786189982836,0.0
1738,0.07052115070538537,0.0
1739,0.22405419833315518,0.0
1740,0.43966706554861884,0.0
1741,0.0059320280483821635,0.0
1742,0.3486820340096494,0.0
1743,0.002969699616798349,0.0
1744,0.17294757763705926,0.0
1745,0.0038456632285631146,0.0
1746,0.0027899046170706487,0.0
1747,0.07481161977345827,0.0
1748,0.02509640516194039,0.0
1749,0.7267377355114725,1.0
1750,0.0049987790208119425,0.0
1751,0.10742936940787534,0.0
1752,0.0150827987653482,0.0
1753,0.4353853803229471,0.0
1754,0.0749112223983504,0.0
1755,0.002597818818875709,0.0
1756,0.0014902582315615164,0.0
1757,0.0003311759722663998,0.0
1758,0.625132432520395,1.0
1759,0.08269900540309588,0.0
1760,0.28902534385251166,0.0
1761,0.042077822016852735,0.0
1762,0.022985942542705848,0.0
1763,0.06791128576036591,0.0
1764,0.5265780754621223,1.0
1765,0.06701411278453291,0.0
1766,0.005828985730888888,0.0
1767,0.004252009022843086,0.0
1768,0.019233555457156392,0.0
1769,0.028066413967449824,0.0
1770,0.07023243710719837,0.0
1771,0.24705012920734679,0.0
1772,0.0003762535348520381,0.0
1773,0.025722705997773567,0.0
1774,0.7768145720794408,1.0
1775,0.014642960174749848,0.0
1776,0.045542200106247245,0.0
1777,0.7049239881237946,1.0
1778,0.002854982541493417,0.0
1779,0.011992687934025185,0.0
1780,0.017702817921280783,0.0
1781,0.17533715498454644,0.0
1782,0.050885121737764924,0.0
1783,0.2484626524027948,0.0
1784,0.0005748845957405492,0.0
1785,0.7347729344773264,1.0
1786,0.5310881723566224,1.0
1787,0.8278215770424031,1.0
1788,0.7022178538986837,1.0
1789,0.4964158875139003,0.0
1790,0.07585132811781174,0.0
1791,0.023684505589276577,0.0
1792,0.00043612233120743707,0.0
1793,0.0011309625024394383,0.0
1794,0.010635926455840118,0.0
1795,0.18252034065043005,0.0
1796,0.4357910348690983,0.0
1797,0.4249165994274401,0.0
1798,0.03896511836964496,0.0
1799,0.08726382039853989,0.0
1800,0.06297740841637671,0.0
1801,0.0008662241935761784,0.0
1802,0.002705462796522812,0.0
1803,0.013546860279223218,0.0
1804,0.019938886451975956,0.0
1805,0.476361638262231,0.0
1806,0.0002830632213658777,0.0
1807,0.0009354576077321266,0.0
1808,0.112734503616683,0.0
1809,0.04986062465661119,0.0
1810,0.0005979156112072123,0.0
1811,0.0007262746929032378,0.0
1812,0.19601890504103245,0.0
1813,0.6300194119305416,1.0
1814,0.16384324371115988,0.0
1815,0.0466496487637625,0.0
1816,0.0034995224520190777,0.0
1817,0.04141156658577447,0.0
1818,0.7957148780316207,1.0
1819,0.0011397947073976608,0.0
1820,0.353127119427399,0.0
1821,0.1289641329269326,0.0
1822,0.4737641513956701,0.0
1823,0.5612375222366517,1.0
1824,0.14246396081697274,0.0
1825,0.01681917587252391,0.0
1826,0.08184520454930656,0.0
1827,0.008618388759409845,0.0
1828,0.03684729530000645,0.0
1829,0.0006256589634906484,0.0
1830,0.13079986203456462,0.0
1831,0.06193099415013951,0.0
1832,0.4632477138828839,0.0
1833,0.20443777233134808,0.0
1834,0.03519058354172337,0.0
1835,0.14145635370082646,0.0
1836,0.0637281875409157,0.0
1837,0.013853395514566895,0.0
1838,0.3455224248605646,0.0
1839,0.00961030003545665,0.0
1840,0.0286526145216677,0.0
1841,0.07685013399738469,0.0
1842,0.4986097118088178,0.0
1843,0.6018325606791337,1.0
1844,0.0008640572647041884,0.0
1845,0.01632560506900625,0.0
1846,0.0008135670980235831,0.0
1847,0.05606859560082736,0.0
1848,0.0027822521570148805,0.0
1849,0.7943890025648439,1.0
1850,0.740080645523438,1.0
1851,0.0006804786622657899,0.0
1852,0.0008249718506382932,0.0
1853,0.0005161815515504574,0.0
1854,0.2045978857056046,0.0
1855,0.011196485215919167,0.0
1856,0.027492494036342557,0.0
1857,0.10341100610264306,0.0
1858,0.09978020112600768,0.0
1859,0.0015225737985742553,0.0
1860,0.3370378507697021,0.0
1861,0.9500056208165877,1.0
1862,0.0008969363244848847,0.0
1863,0.034436049028647435,0.0
1864,0.0005002109145187799,0.0
1865,0.010067500873772957,0.0
1866,0.04369889467157403,0.0
1867,0.005205291159513985,0.0
1868,0.6270865898682697,1.0
1869,0.062487054256191187,0.0
1870,0.0012046034614466307,0.0
1871,0.006821912654731043,0.0
1872,0.032408503914630696,0.0
1873,0.43212398867377017,0.0
1874,0.0005646419640764944,0.0
1875,0.000743740587169559,0.0
1876,0.03332251853901734,0.0
1877,0.020534848335717087,0.0
1878,0.0008416782434617748,0.0
1879,0.020689046594809232,0.0
1880,0.8858455092823238,1.0
1881,0.2443551914311734,0.0
1882,0.7151819753868908,1.0
1883,0.00024105131955046624,0.0
1884,0.004541133432959696,0.0
1885,0.013466722845499792,0.0
1886,0.01667301720464318,0.0
1887,0.0009845311965737825,0.0
1888,0.015489531131093304,0.0
1889,0.8881943452657197,1.0
1890,0.0021605398745295793,0.0
1891,0.12229671642605065,0.0
1892,0.002268161370550841,0.0
1893,0.006627334829596235,0.0
1894,0.00812781388578434,0.0
1895,0.4247685260710901,0.0
1896,0.109698295354403,0.0
1897,0.758627481785826,1.0
1898,0.0656955861959438,0.0
1899,0.11782496359554102,0.0
1900,0.02936315676025812,0.0
1901,0.017268361545571573,0.0
1902,0.0006386446859721315,0.0
1903,0.9527483444749375,1.0
1904,0.4015963293145626,0.0
1905,0.5528357829724663,1.0
1906,0.3284211711060167,0.0
1907,0.6720377158904624,1.0
1908,0.05647050032032943,0.0
1909,0.10117355213177837,0.0
1910,0.028097753388840817,0.0
1911,0.7893529999176215,1.0
1912,0.06687567767859914,0.0
1913,0.004052511516675953,0.0
1914,0.0032511749204648657,0.0
1915,0.0006353391664756646,0.0
1916,0.8115048616459251,1.0
1917,0.021643892472158463,0.0
1918,0.02249790788867709,0.0
1919,0.041985680940670844,0.0
1920,0.0004354895939601127,0.0
1921,0.04436693390210134,0.0
1922,0.0009575833439373931,0.0
1923,0.10251307205738089,0.0
1924,0.506908056599431,1.0
1925,0.013679898036052195,0.0
1926,0.5348093218896715,1.0
1927,0.03157729263177755,0.0
1928,0.011612055539973125,0.0
1929,0.03144218128844388,0.0
1930,0.0006745975952843723,0.0
1931,0.02100042906610053,0.0
1932,0.00842741994415916,0.0
1933,0.0008254611518473117,0.0
1934,0.18806364574245085,0.0
1935,0.0015650141433717459,0.0
1936,0.0003264780605868505,0.0
1937,0.5440958458560647,1.0
1938,0.0010279957243996855,0.0
1939,0.04768583094543219,0.0
1940,0.02427917369935826,0.0
1941,0.03513494068222501,0.0
1942,0.0010276162585651403,0.0
1943,0.03732813811061062,0.0
1944,0.03213114006066519,0.0
1945,0.015149368373831422,0.0
1946,0.005177514516358532,0.0
1947,0.2239116515297578,0.0
1948,0.02400387422010544,0.0
1949,0.23687733957538443,0.0
1950,0.8181238689123276,1.0
1951,0.6476717994600354,1.0
1952,0.0862727217511232,0.0
1953,0.043520606188442994,0.0
1954,0.07260865371044796,0.0
1955,0.8922688949977304,1.0
1956,0.06777454489920665,0.0
1957,0.921867744115135,1.0
1958,0.6936075229487666,1.0
1959,0.002773011869575995,0.0
1960,0.020168732726599827,0.0
1961,0.000826164423470581,0.0
1962,0.977225848435325,1.0
1963,0.0009355423494766662,0.0
1964,0.01777115767000039,0.0
1965,0.10576101983916249,0.0
1966,0.0557601280096741,0.0
1967,0.000990367161237128,0.0
1968,0.6795931407811185,1.0
1969,0.12538792835167487,0.0
1970,0.260872023095081,0.0
1971,0.03984274329377684,0.0
1972,0.1384881153437616,0.0
1973,0.0259822414891674,0.0
1974,0.03579952027706167,0.0
1975,0.0016877226799608108,0.0
1976,0.22984475449105574,0.0
1977,0.037772051895497386,0.0
1978,0.0012983204727154728,0.0
1979,0.08153346508367307,0.0
1980,0.018385994266765678,0.0
1981,0.039438408229334775,0.0
1982,0.016012179391279358,0.0
1983,0.0006649864062029962,0.0
1984,0.02664275693281049,0.0
1985,0.05767251538948363,0.0
1986,0.02577803820975901,0.0
1987,0.31402581610328284,0.0
1988,0.04778276647496454,0.0
1989,0.3738496728953118,0.0
1990,0.00027708349138946294,0.0
1991,0.0008597831777494687,0.0
1992,0.08542362397409074,0.0
1993,0.014061804871746943,0.0
1994,0.07943408374291056,0.0
1995,0.9133715621560917,1.0
1996,0.906185144853351,1.0
1997,0.04296927845563212,0.0
1998,0.5620847994772717,1.0
1999,0.004189009293853135,0.0
